-- phpMyAdmin SQL Dump
-- version 5.2.1
-- https://www.phpmyadmin.net/
--
-- Host: 127.0.0.1
-- Generation Time: Feb 27, 2025 at 09:24 PM
-- Server version: 10.4.32-MariaDB
-- PHP Version: 8.2.12

SET SQL_MODE = "NO_AUTO_VALUE_ON_ZERO";
START TRANSACTION;
SET time_zone = "+00:00";


/*!40101 SET @OLD_CHARACTER_SET_CLIENT=@@CHARACTER_SET_CLIENT */;
/*!40101 SET @OLD_CHARACTER_SET_RESULTS=@@CHARACTER_SET_RESULTS */;
/*!40101 SET @OLD_COLLATION_CONNECTION=@@COLLATION_CONNECTION */;
/*!40101 SET NAMES utf8mb4 */;

--
-- Database: `medportfolio`
--

-- --------------------------------------------------------

--
-- Table structure for table `bau`
--

CREATE TABLE `bau` (
  `Bau_ID` int(11) NOT NULL,
  `FullName` varchar(255) NOT NULL,
  `Email` varchar(100) NOT NULL,
  `Location` varchar(255) NOT NULL,
  `ContactNumber` varchar(50) NOT NULL,
  `Campus` varchar(255) NOT NULL,
  `NbOfTrainees` int(11) NOT NULL,
  `Logo` varchar(255) NOT NULL,
  `AffiliatedInstitutions` longtext CHARACTER SET utf8mb4 COLLATE utf8mb4_bin DEFAULT NULL CHECK (json_valid(`AffiliatedInstitutions`)),
  `AdministrationContact` varchar(255) NOT NULL
) ENGINE=InnoDB DEFAULT CHARSET=utf8mb4 COLLATE=utf8mb4_general_ci;

-- --------------------------------------------------------

--
-- Table structure for table `elearning_materials`
--

CREATE TABLE `elearning_materials` (
  `id` int(11) NOT NULL,
  `title` varchar(255) NOT NULL,
  `category` enum('medical_course','books_articles','workshops_activities') NOT NULL,
  `description` text DEFAULT NULL,
  `resource_url` text NOT NULL,
  `uploaded_at` timestamp NOT NULL DEFAULT current_timestamp()
) ENGINE=InnoDB DEFAULT CHARSET=utf8mb4 COLLATE=utf8mb4_general_ci;

--
-- Dumping data for table `elearning_materials`
--

INSERT INTO `elearning_materials` (`id`, `title`, `category`, `description`, `resource_url`, `uploaded_at`) VALUES
(1, 'Example Material', 'books_articles', 'any description of example material', 'www.example.com', '2025-02-27 19:55:08'),
(2, 'example material 2', 'workshops_activities', 'descriptionnnn 2', 'www.example.com', '2025-02-27 20:15:58');

-- --------------------------------------------------------

--
-- Table structure for table `functions`
--

CREATE TABLE `functions` (
  `Name` varchar(25) NOT NULL,
  `Id` int(9) NOT NULL
) ENGINE=InnoDB DEFAULT CHARSET=utf8mb4 COLLATE=utf8mb4_general_ci;

--
-- Dumping data for table `functions`
--

INSERT INTO `functions` (`Name`, `Id`) VALUES
('register_user', 1),
('update_user', 2),
('delete_user', 3);

-- --------------------------------------------------------

--
-- Table structure for table `trainee_elearning_material_progress`
--

CREATE TABLE `trainee_elearning_material_progress` (
  `id` int(11) NOT NULL,
  `trainee_id` int(11) NOT NULL,
  `material_id` int(11) NOT NULL,
  `status` enum('in_progress','completed') DEFAULT 'in_progress',
  `completed_at` timestamp NULL DEFAULT NULL
) ENGINE=InnoDB DEFAULT CHARSET=utf8mb4 COLLATE=utf8mb4_general_ci;

-- --------------------------------------------------------

--
-- Table structure for table `users`
--

CREATE TABLE `users` (
  `User_ID` int(11) NOT NULL,
  `Name` varchar(100) NOT NULL,
  `Email` varchar(100) NOT NULL,
  `Role` int(9) NOT NULL,
  `Password` varchar(255) NOT NULL,
  `Bau_ID` int(11) DEFAULT NULL
) ENGINE=InnoDB DEFAULT CHARSET=utf8mb4 COLLATE=utf8mb4_general_ci;

--
-- Dumping data for table `users`
--

INSERT INTO `users` (`User_ID`, `Name`, `Email`, `Role`, `Password`, `Bau_ID`) VALUES
(1, 'Admin User', 'admin', 1, '$2b$10$DfWFKh2rvumR4bWkLuBvUuu0yTh1ConhRT6BRnFnQsbvhSMg8O7aC', NULL),
(17, 'register', 'reg@example.com', 6, '$2b$10$pTvz5TVBaXaFjHRXT7NAhu2SL.98Owa9z3AL9dwVb8IfRJcoDj11W', NULL),
(18, 'update', 'update@example.com', 7, '$2b$10$ugAzdOcovNnkBH/.NwdSMeFhSHQGHIP9/seZZmAoMjiZueFtO57va', NULL),
(19, 'delete', 'del@example.com', 8, '$2b$10$kXR4C10cSLXQ3Kp8Nad5mOsvxRFXREjqxl7j.B9A2OB760OtPGthW', NULL),
(21, 'trainee example', 'trainee@example.com', 2, 'examplepass', NULL);

-- --------------------------------------------------------

--
-- Table structure for table `usertypes`
--

CREATE TABLE `usertypes` (
  `Name` varchar(25) NOT NULL,
  `Id` int(9) NOT NULL
) ENGINE=InnoDB DEFAULT CHARSET=utf8mb4 COLLATE=utf8mb4_general_ci;

--
-- Dumping data for table `usertypes`
--

INSERT INTO `usertypes` (`Name`, `Id`) VALUES
('admin', 1),
('trainee', 2),
('educational_supervisor', 3),
('clinical_supervisor', 4),
('clinic', 5),
('register', 6),
('update', 7),
('delete', 8);

-- --------------------------------------------------------

--
-- Table structure for table `usertype_functions`
--

CREATE TABLE `usertype_functions` (
  `UsertypeId` int(11) NOT NULL,
  `FunctionsId` int(11) NOT NULL
) ENGINE=InnoDB DEFAULT CHARSET=utf8mb4 COLLATE=utf8mb4_general_ci;

--
-- Dumping data for table `usertype_functions`
--

INSERT INTO `usertype_functions` (`UsertypeId`, `FunctionsId`) VALUES
(6, 1),
(7, 2),
(8, 3);

--
-- Indexes for dumped tables
--

--
-- Indexes for table `bau`
--
ALTER TABLE `bau`
  ADD PRIMARY KEY (`Bau_ID`),
  ADD UNIQUE KEY `Email` (`Email`);

--
-- Indexes for table `elearning_materials`
--
ALTER TABLE `elearning_materials`
  ADD PRIMARY KEY (`id`);

--
-- Indexes for table `functions`
--
ALTER TABLE `functions`
  ADD PRIMARY KEY (`Id`);

--
-- Indexes for table `trainee_elearning_material_progress`
--
ALTER TABLE `trainee_elearning_material_progress`
  ADD PRIMARY KEY (`id`),
  ADD UNIQUE KEY `trainee_id` (`trainee_id`,`material_id`),
  ADD KEY `material_id` (`material_id`);

--
-- Indexes for table `users`
--
ALTER TABLE `users`
  ADD PRIMARY KEY (`User_ID`),
  ADD UNIQUE KEY `Email` (`Email`),
  ADD KEY `Bau_ID` (`Bau_ID`),
  ADD KEY `Role` (`Role`);

--
-- Indexes for table `usertypes`
--
ALTER TABLE `usertypes`
  ADD PRIMARY KEY (`Id`);

--
-- Indexes for table `usertype_functions`
--
ALTER TABLE `usertype_functions`
  ADD KEY `usertype_functions_ibfk_1` (`FunctionsId`),
  ADD KEY `usertype_functions_ibfk_2` (`UsertypeId`);

--
-- AUTO_INCREMENT for dumped tables
--

--
-- AUTO_INCREMENT for table `bau`
--
ALTER TABLE `bau`
  MODIFY `Bau_ID` int(11) NOT NULL AUTO_INCREMENT;

--
-- AUTO_INCREMENT for table `elearning_materials`
--
ALTER TABLE `elearning_materials`
  MODIFY `id` int(11) NOT NULL AUTO_INCREMENT, AUTO_INCREMENT=3;

--
-- AUTO_INCREMENT for table `functions`
--
ALTER TABLE `functions`
  MODIFY `Id` int(9) NOT NULL AUTO_INCREMENT, AUTO_INCREMENT=4;

--
-- AUTO_INCREMENT for table `trainee_elearning_material_progress`
--
ALTER TABLE `trainee_elearning_material_progress`
  MODIFY `id` int(11) NOT NULL AUTO_INCREMENT;

--
-- AUTO_INCREMENT for table `users`
--
ALTER TABLE `users`
  MODIFY `User_ID` int(11) NOT NULL AUTO_INCREMENT, AUTO_INCREMENT=22;

--
-- AUTO_INCREMENT for table `usertypes`
--
ALTER TABLE `usertypes`
  MODIFY `Id` int(9) NOT NULL AUTO_INCREMENT, AUTO_INCREMENT=9;

--
-- Constraints for dumped tables
--

--
-- Constraints for table `trainee_elearning_material_progress`
--
ALTER TABLE `trainee_elearning_material_progress`
  ADD CONSTRAINT `trainee_elearning_material_progress_ibfk_1` FOREIGN KEY (`trainee_id`) REFERENCES `users` (`User_ID`),
  ADD CONSTRAINT `trainee_elearning_material_progress_ibfk_2` FOREIGN KEY (`material_id`) REFERENCES `elearning_materials` (`id`);

--
-- Constraints for table `users`
--
ALTER TABLE `users`
  ADD CONSTRAINT `users_ibfk_1` FOREIGN KEY (`Bau_ID`) REFERENCES `bau` (`Bau_ID`),
  ADD CONSTRAINT `users_ibfk_2` FOREIGN KEY (`Role`) REFERENCES `usertypes` (`Id`);

--
-- Constraints for table `usertype_functions`
--
ALTER TABLE `usertype_functions`
  ADD CONSTRAINT `usertype_functions_ibfk_1` FOREIGN KEY (`FunctionsId`) REFERENCES `functions` (`Id`) ON DELETE CASCADE ON UPDATE CASCADE,
  ADD CONSTRAINT `usertype_functions_ibfk_2` FOREIGN KEY (`UsertypeId`) REFERENCES `usertypes` (`Id`) ON DELETE CASCADE ON UPDATE CASCADE;
COMMIT;

/*!40101 SET CHARACTER_SET_CLIENT=@OLD_CHARACTER_SET_CLIENT */;
/*!40101 SET CHARACTER_SET_RESULTS=@OLD_CHARACTER_SET_RESULTS */;
/*!40101 SET COLLATION_CONNECTION=@OLD_COLLATION_CONNECTION */;
